{
    "user.aml.rejected" : {
        "vi" : "Hiện tại VPBank chưa thể cung cấp dịch vụ cho quý khách. Vui lòng liên hệ tổng đài chăm sóc khách hàng 1900545415 để được hỗ trợ.",
        "en" : "Currently, VPBank haven't provided yet services for you. Please contact customer service center at 1900545415 for support."
    },
    "Mobile_number_vp_user_is_null" : {
        "vi" : "Hệ thống không nhận diện được số điện thoại của bạn, vui lòng mang chứng minh thư ra chi nhánh VPBank để cập nhật số điện thoại",
        "en" : "The system can not recognize your phone number, please bring your ID card to VPBank branch to update your phone number."
    },
    "CIF_KHONG_SU_DUNG" : {
        "vi" : "Hiện tại VPBank chưa thể cung cấp dịch vụ cho quý khách. Vui lòng liên hệ tổng đài chăm sóc khách hàng 1900545415 để được hỗ trợ.",
        "en" : "Currently, VPBank haven't provided yet services for you. Please contact customer service center at 1900545415 for support."
    },
    "unsupport_tin_number" : {
        "vi" : "Hiện tại VPBank chưa thể cung cấp dịch vụ cho quý khách. Vui lòng liên hệ tổng đài chăm sóc khách hàng 1900545415 để được hỗ trợ.",
        "en" : "Currently, VPBank haven't provided yet services for you. Please contact customer service center at 1900545415 for support."
    },
    "integration.get.customer.infor.failed" : {
        "vi" : "Không lấy được thông tin người dùng",
        "en" : "Can not get customer's information"
    },
    "integration.validation.otp_invalid" : {
        "vi" : "Mã OTP không chính xác",
        "en" : "Invalid OTP code"
    },
    "Error_send_otp" : {
        "vi": "Không thể gửi mã OTP tới số điện thoại của bạn. Vui lòng thử lại.",
        "en": "Can not send OTP code to your phone. Please try again."
    },
    "Cannot_send_otp" : {
        "vi": "Không thể gửi mã OTP tới số điện thoại của bạn. Vui lòng thử lại.",
        "en": "Could not send OTP to your phone. Please try again."
    },
    "Can_not_send_otp" : {
        "vi": "Không thể gửi mã OTP tới số điện thoại của bạn. Vui lòng thử lại.",
        "en": "Can not send OTP code to your phone. Please try again."
    },
    "Invalid_DOB" : {
        "vi" : "Ngày sinh không hợp lệ, khách hàng phải ở độ tuổi 18-65 tuổi",
        "en" : "Invalid date of birth, customer must be from 18 to 65 years old"
    },
    "Pid_issued_date_expired" : {
        "vi" : "Ngày cấp giấy tờ tùy thân vượt quá 15 năm",
        "en" : "The date of issue on your identity card exceeds 15 years"
    },
    "Unsupport_69" : {
        "vi" : "Quý khách đã mở tài khoản tại VPBank nhưng chưa ra Chi nhánh để hoàn thiện thủ tục.",
        "en" : "You have already opened an account at VPBank but have not yet gone a branch to complete the procedure."
    },
    "user.data.user_not_found" : {
        "vi" : "Người dùng không tồn tại",
        "en" : "User does not exist"
    },
    "Invalid step" : {
        "vi" : "Bạn không thực hiện đúng thứ tự các bước",
        "en" : "You must follow the correct order of the steps"
    },
    "caregister_not_use_military_id" : {
        "vi" : "Hiện tại VPBank chưa phục vụ khách hàng sử dụng Chứng minh thư quân đội. Vui lòng liên hệ tổng đài 1900545415 để được hỗ trợ!",
        "en" : "Currently, VPBank does not support the military ID card. Please contact customer service center at 1900545415 for support!"
    },
    "Legal_id_already_used" : {
        "vi" : "Giấy tờ tuỳ thân đã được dùng để đăng ký",
        "en" : "Your ID card was used for registration"
    },
    "Vietnam National ID Not Detected" : {
        "vi" : "Không nhận dạng được giấy tờ tuỳ thân",
        "en" : "Can not recognize your ID card"
    },
    "SPECIFIED-US" : {
        "vi" : "Hiện tại VPBank chưa thể cung cấp dịch vụ cho quý khách. Vui lòng liên hệ tổng đài chăm sóc khách hàng 1900545415 để được hỗ trợ.",
        "en" : "Currently, VPBank haven't provided yet services for you. Please contact customer service center at 1900545415 for support."
    },
    "KHACH_HANG_TIMO-US" : {
        "vi" : "Do thỏa thuận hợp tác giữa VPBank và Timo nên hiện tại VPBank chưa thể cung cấp dịch vụ cho bạn. Vui lòng liên hệ tổng đài chăm sóc khách hàng 1900545415 để được hỗ trợ.",
        "en" : "Due to the cooperation agreement between VPBank and Timo, VPBank is currently unable to provide services to you. Please contact customer service center 1900545415 for support."
    },
    "Unsupport_69-US" : {
        "vi" : "Quý khách đã mở tài khoản tại VPBank nhưng chưa ra Chi nhánh để hoàn thiện thủ tục.",
        "en" : "You have already opened an account at VPBank but have not yet gone a branch to complete the procedure."
    },
    "Invalid_register_ocb" : {
        "vi" : "Thông tin số điện thoại này đã được đăng ký trên hệ thống VPBank. Quý khách vui lòng dùng số điện thoại khác đăng ký lại hoặc liên hệ tổng đài 1900545415 để được hỗ trợ",
        "en" : "Your phone number has registered at VPBank. Please use the other phone number to register again or contact customer service center at 1900545415 for support."
    },
    "ocr_failure" : {
        "vi" : "OCR thất bại",
        "en" : "OCR failed"
    },
    "matching_face_failure" : {
        "vi" : "So sánh khuôn mặt thất bại",
        "en" : "Face comparison is failed."
    },
    "liveness_failure" : {
        "vi" : "Video liveness thất bại",
        "en" : "Liveness verification is failed."
    },
    "security.bruteforce.attack.detect" : {
        "vi" : "Bạn đã thao tác quá nhiều. Vui lòng thử lại sau.",
        "en" : "Bruteforce attact detected. Please try again later."
    },
    "error.message.Unsupport_multi_mobiles_and_one_pid" : {
        "vi" : "Một loại giấy tờ không hỗ trợ nhiều số điện thoại",
        "en" : "Unsupport multi mobiles and one pid"
    },
    "Unsupport_multi_mobiles_and_one_pid" : {
        "vi" : "Một loại giấy tờ không hỗ trợ nhiều số điện thoại",
        "en" : "Unsupport multi mobiles and one pid"
    },
    "email_invalid" : {
        "vi" : "Email sai định dạng",
        "en" : "Email invalid"
    }
}
