{
    "title.stepmanager": {
        "vi": "Đăng ký tài khoản VPBank",
        "en": "Registration VPBank Account"
    },
    "title.stepsuccess": {
        "vi": "Thành công",
        "en": "Success"
    },
    "navbar.item.cancel": {
        "vi": "Huỷ",
        "en": "Cancel"
    },
    "button.item.recapture": {
        "vi": "Chụp lại",
        "en": "Retake"
    },
    "button.title.next": {
        "vi": "Tiếp tục",
        "en": "Next"
    },
    "button.title.confirm": {
        "vi": "Xác nhận",
        "en": "Confirm"
    },
    "button.title.done": {
        "vi": "Đóng",
        "en": "Done"
    },
    "button.title.recordagain": {
        "vi": "Quay lại",
        "en": "Record again"
    },
    "button.title.agreement": {
        "vi": "Tôi đã hiểu",
        "en": "I understand and agree"
    },
    "button.title.ekycsuccess": {
        "vi": "Đăng nhập VPBank Online",
        "en": "Login VPBank Online"
    },
    "step1.header": {
        "vi": "Thông tin cơ bản",
        "en": "Information"
    },
    "step1.caption.mobile": {
        "vi": "Số điện thoại",
        "en": "Mobile number"
    },
    "step1.caption.email": {
        "vi": "Địa chỉ email",
        "en": "Email address"
    },
    "step2.header": {
        "vi": "Nhận diện khuôn mặt và giấy tờ tuỳ thân",
        "en": "Face recognization & ID card"
    },
    "step2.headerNote": {
        "vi": "Để thông tin nhận diện được chính xác! Quý khách vui lòng cung cấp hình ảnh theo từng bước từ 1-4",
        "en": "For accuracy of process, please supply follow step by step, start from 1 to 4"
    },
    "step2.caption.idnumber": {
        "vi": "Số GTTT",
        "en": "Identity number"
    },
    "step2.caption.fullname": {
        "vi": "Họ và tên",
        "en": "Fullname"
    },
    "step2.caption.dob": {
        "vi": "Ngày sinh",
        "en": "Birthday"
    },
    "step2.ocr.title.step1": {
        "vi": "Chụp mặt trước GTTT",
        "en": "Take ID Frontside"
    },
    "step2.ocr.title.step2": {
        "vi": "Chụp mặt sau GTTT",
        "en": "Take ID Backside"
    },
    "step2.ocr.title.step3": {
        "vi": "Chụp ảnh chân dung",
        "en": "Take selfie"
    },
    "step2.ocr.title.step4": {
        "vi": "Quay video liveness",
        "en": "Record liveness video"
    },
    "step3.header": {
        "vi": "Xác nhận thông tin",
        "en": "Confirm information"
    },
    "step3.headerNote": {
        "vi": "Vui lòng kiểm tra và xác nhận thông tin cơ bản",
        "en": "Please review and confirm your information"
    },
    "step3.caption.personalinfo": {
        "vi": "Thông tin cá nhân",
        "en": "Personal information"
    },
    "step3.caption.doi": {
        "vi": "Ngày cấp",
        "en": "Date of issue"
    },
    "step3.caption.poi": {
        "vi": "Nơi cấp",
        "en": "Place of issue"
    },
    "step3.caption.gender": {
        "vi": "Giới tính",
        "en": "Gender"
    },
    "step3.gender.male": {
        "vi": "Nam",
        "en": "Male"
    },
    "step3.gender.female": {
        "vi": "Nữ",
        "en": "Female"
    },
    "step3.gender.others": {
        "vi": "Khác",
        "en": "Others"
    },
    "step3.caption.maritalstatus": {
        "vi": "Tình trạng hôn nhân",
        "en": "Marital status"
    },
    "step3.maritalstatus.single": {
        "vi": "Độc thân",
        "en": "Single"
    },
    "step3.maritalstatus.married": {
        "vi": "Kết hôn",
        "en": "Married"
    },
    "step3.maritalstatus.divorced": {
        "vi": "Ly hôn",
        "en": "Divorced"
    },
    "step3.maritalstatus.others": {
        "vi": "Khác",
        "en": "Others"
    },
    "step3.caption.maritaldetail": {
        "vi": "Chi tiết tình trạng hôn nhân",
        "en": "Marital status detail"
    },
    "step3.caption.permanentaddress": {
        "vi": "Địa chỉ thường trú",
        "en": "Permanent address"
    },
    "step3.caption.province": {
        "vi": "Tỉnh, thành phố",
        "en": "Province"
    },
    "step3.caption.district": {
        "vi": "Quận, huyện",
        "en": "District"
    },
    "step3.caption.ward": {
        "vi": "Phường, xã",
        "en": "Ward"
    },
    "step3.caption.branchaddress": {
        "vi": "Chi nhánh",
        "en": "Branch"
    },
    "step3.caption.detailaddress": {
        "vi": "Địa chỉ chi tiết",
        "en": "Address detail"
    },
    "step3.caption.sameaddress": {
        "vi": "Địa chỉ hiện tại có giống với địa chỉ thường trú không?",
        "en": "Current address is same with permanent address?"
    },
    "step3.caption.american": {
        "vi": "Quý khách hàng có thuộc một trong các đối tượng sau không: Công dân Hoa Kỳ, Được cấp thẻ thường trú nhân (thẻ xanh) của Hoa Kỳ, Đối tượng cư trú của Hoa Kỳ.",
        "en": "Do you belong to one of the following:(1) US citizen or(2) be granted US permanent residence card (green card) or (3) United States Resident (Definition about “United States Resident” at the Terms and Conditions of FATCA)."
    },
    "step3.value.yes": {
        "vi": "Có",
        "en": "Yes"
    },
    "step3.value.no": {
        "vi": "Không",
        "en": "No"
    },
    "step3.value.select": {
        "vi": "Chọn",
        "en": "Choose"
    },
    "step4.header": {
        "vi": "Dịch vụ gia tăng",
        "en": "Added services"
    },
    "step4.header2": {
        "vi": "TÊN ĐĂNG NHẬP VPBANK ONLINE",
        "en": "USERNAME VPBANK ONLINE"
    },
    "step4.caption.addedservice": {
        "vi": "Gói VPBank Online: VPO EKYC",
        "en": "VPBank Online service package: VPO EKYC"
    },
    "step4.button.detail": {
        "vi": "Chi tiết",
        "en": "Detail"
    },
    "step4.note.username": {
        "vi": "VPBank sẽ gửi qua email tên truy cập cho KH khi dịch vụ mở thành công",
        "en": "VPbank will send an email included your username when service open successfully"
    },
    "step4.caption.otp": {
        "vi": "PHƯƠNG THỨC NHẬN OTP",
        "en": "OTP RECEIVEING METHOD"
    },
    "step4.note.otp": {
        "vi": "Smart OTP - Khách hàng có thể thay đổi hình thức nhận OTP khác (qua email/SMS) theo quy định của VPBank qua từng thời kỳ",
        "en": "Smart OTP is default method. You can change to other method (email/SMS) following VPBank's conditions"
    },
    "step4.note.sms": {
        "vi": "Dịch vụ SMS (11 000 đ/tháng)",
        "en": "SMS service (11 000 vnd/month)"
    },
    "step4.note.mobile": {
        "vi": "Số điện thoại di động: %@",
        "en": "Mobile number: %@"
    },
    "step4.caption.branchselection": {
        "vi": "Lựa chọn chi nhánh thuận tiện giao dịch",
        "en": "Choose bank branch"
    },
    "step4.caption.branchaddress": {
        "vi": "Chi nhánh",
        "en": "Branch"
    },
    "step4.caption.dao": {
        "vi": "Mã người giới thiệu (không bắt buộc)",
        "en": "DAO number (optional)"
    },
    "step4.tnc.caption": {
        "vi": "Tôi xác nhận: \n\n- Tôi là người duy nhất kiểm soát các hoạt động và hưởng lợi ích từ tài khoản.",
        "en": "I confirm that:\n\n- I am the only one, who controls activities and benefits from account."
    },
    "step4.tnc.option1.1": {
        "vi": "- Đã đọc và đồng ý với các Điều kiện giao dịch chung về ",
        "en": "- Read and agreed with all General transaction terms about "
    },
    "step4.tnc.option1.2": {
        "vi": "Tài khoản thanh toán",
        "en": "Debit account"
    },
    "step4.tnc.option1.3": {
        "vi": "Thẻ ghi nợ",
        "en": "Debit card"
    },
    "step4.tnc.option1.34": {
        "vi": "và",
        "en": "and"
    },
    "step4.tnc.option1.4": {
        "vi": "Dịch vụ ngân hàng điện tử",
        "en": "Ebank service"
    },
    "step4.tnc.option2.1": {
        "vi": "- Đã đọc và đồng ý với nội dung ",
        "en": "- Read and agreed with content of "
    },
    "step4.tnc.option2.2": {
        "vi": "Giấy đề nghị kiêm Hợp đồng",
        "en": "Registration form including contract"
    },
    "step4.tnc.commitment": {
        "vi": "Bằng việc bấm \"Xác nhận\" Tôi đồng ý với các nội dung nêu trên.",
        "en": "By press \"Confirm\" I agree with all your terms and conditions above."
    },
    "step4.tnc.title1": {
        "vi": "Điều kiện và Điều khoản",
        "en": "Terms and Conditions"
    },
    "step4.tnc.title2": {
        "vi": "Hợp đồng",
        "en": "Contract"
    },
    "step5.header": {
        "vi": "Thông tin hợp đồng",
        "en": "Contract information"
    },
    "otp.resendButton": {
        "vi": "Gửi lại mã OTP",
        "en": "Resend OTP"
    },
    "otp.confirm": {
        "vi": "Xác thực OTP",
        "en": "Verify OTP"
    },
    "otp.description": {
        "vi": "Nhập mã xác nhận đã được gửi đến số điện thoại của Quý khách ******",
        "en": "OTP code was sent to your mobile number ******"
    },
    "otp.descriptionForExistedUser": {
        "vi": "Bạn đang là khách hàng của VPBank. Chúng tôi đã gửi OTP đến số điện thoại %@ mà bạn đã đăng ký với ngân hàng. Số điện thoại này sẽ sử dụng để đăng ký tài khoản thanh toán online. Vui lòng nhập mã để xác nhận.\nNếu đây không phải số điện thoại của bạn, vui lòng liên hệ tổng đài 1900545415 để được hỗ trợ.",
        "en": "You are an existing customer of VPBank. We have sent OTP to phone number %@ that you registered with the bank. This phone number will be used to register for online accounts. Please enter the OTP code to confirm. \nIf this is not your phone number, please contact the customer service center at 1900545415 for support. "
    },
    "otp.resendText": {
        "vi": "Lấy lại OTP sau %d giây",
        "en": "Receive OTP after %d seconds"
    },
    "otp.expireCountdownText": {
        "vi": "Quý khách có thể lấy lại OTP sau %d giây",
        "en": "Resend OTP after %d seconds"
    },
    "otp.expiredText": {
        "vi": "",
        "en": ""
    },
    "message.cameracover.step1" : {
        "vi": "Mặt trước giấy tờ tuỳ thân",
        "en": "Frontside of ID card"
    },
    "message.cameracover.step2" : {
        "vi": "Mặt sau giấy tờ tuỳ thân",
        "en": "Backside of ID card"
    },
    "message.cameracover.step3" : {
        "vi": "Chụp ảnh khuôn mặt",
        "en": "Take a selfie photo"
    },
    "message.cameracover.step4.1" : {
        "vi": "Video liveness",
        "en": "Video liveness"
    },
    "message.cameracover.step4.2" : {
        "vi": "Một đoạn video thật tự nhiên về biểu cảm khuôn mặt của\nquý khách trong tối thiểu %0.0f giây",
        "en": "A short video contains your emotionally face in\nminimum %0.0f seconds"
    },
    "message.cameracover.step1.below" : {
        "vi": "Vui lòng chụp rõ nét và đầy đủ thông tin vào vùng hiển thị",
        "en": "Please take a clear and fully info photo"
    },
    "message.cameracover.step3.below" : {
        "vi": "Vui lòng chụp rõ nét, không quá xa, không quá gần",
        "en": "Please take a clear photo, not too far, not too close"
    },
    "placeholder.selectionlist" : {
        "vi": "Tìm kiếm",
        "en": "Search"
    },
    "message.capture.aftersuccess" : {
        "vi": "Dữ liệu bạn đã nhập sẽ bị thay thế.",
        "en": "Your inputed data will be replaced."
    },
    "message.areyousure" : {
        "vi": "Bạn chắc chắn muốn tiếp tục?",
        "en": "Are you sure to continue?"
    },
    "warning.title": {
        "vi": "Xin lưu ý",
        "en": "Attention"
    },
    "warning.camera.cancelrecording": {
        "vi": "Bạn đang trong quá trình quay video phục phụ cho việc đăng ký tài khoản. Bạn có chắc là muốn dừng lại và thoát ra không?",
        "en": "You are recording video. Are you sure to cancel?"
    },
    "warning.kyc.cancel": {
        "vi": "Bạn đang trong quá trình eKYC để đăng ký tài khoản. Bạn có chắc là muốn dừng lại và thoát ra không?",
        "en": "You are doing eKYC process to register new bank account. Are you sure to cancel?"
    },
    "warning.camera.cancelrecording.yes": {
        "vi": "Tôi chắc chắn",
        "en": "I'm sure"
    },
    "warning.camera.cancelrecording.no": {
        "vi": "Không",
        "en": "No"
    },
    "error.message.cannotsendotp" : {
        "vi": "Không thể gửi mã OTP. Vui lòng thử lại.",
        "en": "Can not send OTP code. Please try again."
    },
    "error.message.connectionerro" : {
        "vi": "Không thể kết nối. Vui lòng kiểm tra lại.",
        "en": "No internet connection. Please try again."
    },
    "error.title": {
        "vi": "Xin lỗi",
        "en": "Sorry"
    },
    "error.unknow": {
        "vi": "Có lỗi xảy ra, vui lòng thử lại.",
        "en": "Something went wrong. Please try again."
    },
    "error.retry": {
        "vi": "Thử lại",
        "en": "Try again"
    },
    "error.steplockedtapped": {
        "vi": "Vui lòng hoàn thành từng bước của quy trình",
        "en": "Please continue step by step."
    },
    "error.selectprovincefirst": {
        "vi": "Vui lòng chọn tỉnh/thành phố trước",
        "en": "Please choose province first"
    },
    "error.selectdistrictfirst": {
        "vi": "Vui lòng chọn quận/huyện trước",
        "en": "Please choose district first"
    },
    "error.message.nodata" : {
        "vi": "Không có dữ liệu",
        "en": "No data found"
    },
    "error.message.tokenexpired" : {
        "vi": "Phiên làm việc hết hiệu lực. Vui lòng đăng nhập lại.",
        "en": "Session was expired. Please login again."
    },
    "error.message.sendotperror" : {
        "vi": "Không thể gửi mã OTP tới số điện thoại của bạn. Vui lòng thử lại.",
        "en": "Could not send OTP to your phone. Please try again."
    },
    "error.message.daocodenotexists" : {
        "vi" : "Mã DAO không tồn tại",
        "en" : "DAO code not exists"
    },
    "message.successview.caption" : {
        "vi" : "Chúc mừng Quý khách đã đăng ký thành công bộ tài khoản thanh toán tại VPBank!",
        "en" : "Registration successfully!"
    },
    "message.successview.content" : {
        "vi" : "Thông tin về việc mở tài khoản sẽ được gửi tới email của Quý khách.",
        "en" : "Detail information will be sent to your email address."
    },
    "message.successview.notice" : {
        "vi" : "Lưu ý: Quý khách vui lòng để ý điện thoại trong 20 phút tới để nhận cuộc gọi đối chiếu thông tin cung cấp chư ký số. Điện thoại liên hệ: 024 473096625",
        "en" : "Lưu ý: Quý khách vui lòng để ý điện thoại trong 20 phút tới để nhận cuộc gọi đối chiếu thông tin cung cấp chư ký số. Điện thoại liên hệ: 024 473096625"
    },
    "successview.title": {
        "vi": "Xác nhận thông tin",
        "en": "Confirmation"
    },
    "error.message.cannotnull" : {
        "vi" : "Không thể để trống",
        "en" : "This value can not be null"
    },
    "error.message.emailwrongformat" : {
        "vi" : "Email sai định dạng",
        "en" : "Email wrongs format"
    },
    "error.message.phonewrongformat" : {
        "vi" : "Số điện thoại sai định dạng",
        "en" : "Phone number wrong format"
    },
    "error.message.include.special.characters" : {
        "vi" : "Không được chứa ký tự đặc biệt",
        "en" : "Can not include special characters"
    },
    "error.message.uscustomerinvalid" : {
        "vi" : "Hiện tại VPBank chưa thể cung cấp dịch vụ cho quý khách. Vui lòng liên hệ tổng đài chăm sóc khách hàng 1900 545415 để được hỗ trợ.",
        "en" : "For now VPBank not yet supply services for your case. Please contact to customer support center 1900 545415."
    },
    "step3.input.tincodecaption" : {
        "vi" : "Số TIN",
        "en" : "TIN number"
    },
    "error.message.idnumberfail" : {
        "vi" : "Số giấy tờ đã được sử dụng",
        "en" : "Legal id already used"
    },
    "error.message.Unsupport_multi_mobiles_and_one_pid" : {
        "vi" : "Một loại giấy tờ không hỗ trợ nhiều số điện thoại",
        "en" : "Unsupport multi mobiles and one pid"
    },
    "error.message.bruteforceattack" : {
        "vi" : "Bạn đã thao tác quá nhiều lần trong thời gian ngắn. Vui lòng thử lại sau ít phút",
        "en" : "You did try it too much times. Please try again after few minutes."
    },
    "message.success.relogin.caption": {
        "vi" : "Bạn đã hoàn thành đăng ký Bộ tài khoản thanh toán EKYC!",
        "en" : " You have already completed to register the EKYC account package!"
    },
    "message.success.relogin.content": {
        "vi" : "Vui lòng ra chi nhánh VPBank gần nhất nâng cấp Bộ tài khoản thanh toán EKYC để sử dụng đầy đủ các dịch vụ của VPBank. Cảm ơn bạn đã sử dụng dịch vụ!\nHotline hỗ trợ: 1900545415",
        "en" : "Please go to the nearest VPBank branch to upgrade your account package to use full services of VPBank. Thank you for using service!\nHotline support: 1900545415"
    },
    "error.message.registerfailed" : {
        "vi" : "Có lỗi khi đăng ký tài khoản, vui lòng thử lại sau. Hotline hỗ trợ: 1900 545415",
        "en" : "Registration has failed, please try again. Hotline support: 1900 545415"
    },
    "error.message.nobranch" : {
        "vi" : "Tỉnh, thành phố này chưa có chi nhánh của VPBank. Vui lòng chọn tỉnh, thành phố khác.",
        "en" : " This province/city has no VPBank branch yet. Please select another province/city."
    },
    "error.message.noward" : {
        "vi" : "Quận, huyện này không có thông tin phường, xã. Vui lòng chọn quận, huyện khác.",
        "en" : "Can not find ward information in this district. Please select another district."
    },
    "error.message.nodistrict" : {
        "vi" : "Tỉnh, thành phố này không có thông tin quận, huyện. Vui lòng chọn tỉnh, thành phố khác.",
        "en" : "Can not find district information in this province/city. Please select another province/city."
    },
    "error.message.nodistrict.has.branch" : {
        "vi" : "Tỉnh, thành phố này không có chi nhánh của VPBank. Vui lòng chọn tỉnh, thành phố khác.",
        "en" : "Can not find any VPBank branch in this province/city. Please select another province/city."
    },
    "step4.caption.opencard" : {
        "vi" : "Quý khách có muốn đăng ký mở thẻ ghi nợ không?",
        "en" : "Would you like to open new debit card?"
    },
    "step4.caption.select.card" : {
        "vi" : "Chọn loại thẻ",
        "en" : "Select card type"
    },
    "step4.question.1" : {
        "vi" : "Họ tên mẹ chủ thẻ?",
        "en" : "What's your mother name?"
    },
    "step4.question.2" : {
        "vi" : "Tên trường tiểu học của chủ thẻ?",
        "en" : "What's your primary school?"
    },
    "step4.question.2" : {
        "vi" : "Tên trường tiểu học của chủ thẻ?",
        "en" : "What's your primary school?"
    },
    "step4.question.caption" : {
        "vi" : "Chọn câu hỏi bảo mật",
        "en" : "Choose security question"
    },
    "step4.caption.security.question" : {
        "vi" : "Câu hỏi bảo mật",
        "en" : "Security question"
    },
    "step4.caption.security.question.placeholder" : {
        "vi" : "Câu trả lời",
        "en" : "Answer"
    },
    "step4.section.address.receive.card" : {
        "vi" : "Địa chỉ nhận thẻ",
        "en" : "Card receive address"
    },
    "step4.address.receive.card.branch" : {
        "vi" : "Tại chi nhánh thuận tiện giao dịch",
        "en" : "At selected branch"
    },
    "step4.detail.card.title" : {
        "vi" : "Chi tiết sản phẩm",
        "en" : "Product detail"
    },
    "success.view.caption.service.pack" : {
        "vi" : "Gói dịch vụ đăng ký",
        "en" : "Registered service pack"
    },
    "success.view.caption.registerd.card" : {
        "vi" : "Thẻ đăng ký",
        "en" : "Registered card"
    },
    "success.view.caption.service.branch" : {
        "vi" : "Chi nhánh giao dịch",
        "en" : "Branch"
    },
    "success.view.value.service.pack" : {
        "vi" : "Tài khoản thanh toán eKYC\nNgân hàng số VPBank Online",
        "en" : "Digital bank VPBank Online\nAccount eKYC",
    },
    "alert.message.missing.partner.code" : {
        "vi" : "Vui lòng cấu hình partner code",
        "en" : "Missing partner code configuration",
    },
    "error.message.contains.vietnamese" : {
        "vi" : "Không được chứa Tiếng Việt có dấu",
        "en" : "Cannot contains diacritics Vietnamese",
    },
}
